filename,watyr,pre_drain,post_drain
apelake,2017,12/5/2016 14:00,12/5/2016 15:00
apelake,2017,3/20/2017 11:00,3/20/2017 12:00
apelake,2018,10/3/2017 15:00,10/3/2017 17:00
apelake,2018,3/18/2018 11:00,3/18/2018 13:00
apelake,2018,9/29/2018 13:00,9/29/2018 15:00
apelake,2019,3/19/2019 10:00,3/19/2019 11:00
apelake,2019,9/29/2019 14:00,9/29/2019 15:00
apelake,2020,3/19/2020 10:00,3/19/2020 11:00
apelake,2020,9/29/2020 13:00,9/29/2020 14:00
apelake,2021,3/25/2021 12:00,3/25/2021 13:00
apelake,2021,5/5/2021 18:00,5/5/2021 19:00
apelake,2023,10/3/2022 15:00,10/3/2022 16:00
apelake,2024,10/6/2023 8:00,10/6/2023 9:00
apelake,2025,10/11/2024 9:00,10/11/2024 13:00
upperskeena,2022,6/9/2022 9:00,6/9/2022 11:00
upperskeena,2023,7/11/2023 12:00,7/11/2023 13:00
upperskeena,2024,10/11/2023 13:00,10/11/2023 14:00
upperskeena,2025,3/11/2025 9:00,3/11/2025 10:00
mountmaya,2015,12/8/2014 12:00,12/8/2014 16:00
mountmaya,2015,2/11/2015 8:00,2/11/2015 10:00
mountmaya,2016,10/7/2015 10:00,10/7/2015 12:00
mountmaya,2016,2/18/2016 8:00,2/18/2016 12:00
mountmaya,2017,10/22/2016 9:00,10/22/2016 11:00
mountmaya,2017,3/20/2017 12:00,3/20/2017 15:00
mountmaya,2018,10/3/2017 16:00,10/3/2017 18:00
mountmaya,2018,3/18/2018 13:00,3/18/2018 15:00
mountmaya,2018,9/29/2018 15:00,9/29/2018 16:00
mountmaya,2019,3/18/2019 16:00,3/18/2019 18:00
mountmaya,2020,3/18/2020 14:00,3/18/2020 16:00
mountmaya,2020,9/29/2020 9:00,9/29/2020 11:00
mountmaya,2021,3/25/2021 15:00,3/25/2021 17:00
mountmaya,2022,10/7/2021 15:00,10/7/2021 17:00
mountmaya,2023,10/4/2022 11:00,10/4/2022 13:00
mountmaya,2023,7/13/2023 8:00,7/14/2023 12:00
claytonfalls,2017,10/4/2016 12:00,10/4/2016 16:00
claytonfalls,2017,3/20/2017 16:00,3/20/2017 18:00
claytonfalls,2018,10/4/2017 12:00,10/4/2017 13:00
claytonfalls,2018,3/19/2018 7:00,3/19/2018 9:00
claytonfalls,2018,9/29/2018 17:00,9/29/2018 18:00
claytonfalls,2019,3/19/2019 9:00,3/19/2019 10:00
claytonfalls,2019,9/29/2019 11:00,9/29/2019 12:00
claytonfalls,2020,12/9/2019 10:00,12/9/2019 12:00
claytonfalls,2020,3/19/2020 7:00,3/19/2020 8:00
claytonfalls,2020,9/29/2020 11:00,9/29/2020 12:00
claytonfalls,2021,4/13/2021 10:00,4/13/2021 12:00
claytonfalls,2022,10/7/2021 8:00,10/7/2021 11:00
claytonfalls,2023,10/4/2022 8:00,10/4/2022 10:00
claytonfalls,2024,10/5/2023 13:00,10/5/2023 15:00
claytonfalls,2024,10/5/2023 13:00,10/5/2023 14:00
claytonfalls,2024,7/2/2024 12:00,7/2/2024 14:00
claytonfalls,2025,10/11/2024 14:00,10/11/2024 15:00
machmellkliniklini,2017,12/5/2016 11:00,12/5/2016 13:00
machmellkliniklini,2017,3/20/2017 8:00,3/20/2017 9:00
machmellkliniklini,2018,10/3/2017 13:00,10/3/2017 15:00
machmellkliniklini,2018,3/18/2018 10:00,3/18/2018 11:00
machmellkliniklini,2018,9/29/2018 12:00,9/29/2018 13:00
machmellkliniklini,2019,3/19/2019 14:00,3/19/2019 15:00
machmellkliniklini,2019,9/29/2019 15:00,9/29/2019 16:00
machmellkliniklini,2020,2/18/2020 14:00,2/18/2020 15:00
machmellkliniklini,2020,9/29/2020 14:00,9/29/2020 15:00
machmellkliniklini,2021,3/25/2021 9:00,3/25/2021 11:00
machmellkliniklini,2021,4/6/2021 1:00,4/6/2021 3:00
machmellkliniklini,2023,10/3/2022 10:00,10/3/2022 14:00
machmellkliniklini,2024,10/6/2023 9:00,10/6/2023 11:00
machmellkliniklini,2025,10/12/2024 9:00,10/12/2024 11:00
eastbuxton,2017,3/21/2017 9:00,3/21/2017 11:00
eastbuxton,2017,7/14/2017 11:00,8/31/2017 10:00
eastbuxton,2018,1/30/2018 17:00,1/30/2018 18:00
eastbuxton,2018,2/19/2018 12:00,2/19/2018 14:00
eastbuxton,2018,3/19/2018 10:00,3/19/2018 12:00
eastbuxton,2018,9/13/2018 8:00,9/13/2018 10:00
eastbuxton,2019,1/18/2019 15:00,1/18/2019 16:00
eastbuxton,2019,5/17/2019 8:00,5/17/2019 10:00
eastbuxton,2019,9/5/2019 12:00,9/5/2019 14:00
eastbuxton,2020,12/3/2019 12:00,12/3/2019 13:00
eastbuxton,2020,1/13/2020 19:00,1/14/2020 4:00
eastbuxton,2020,6/16/2020 8:00,6/16/2020 10:00
eastbuxton,2021,1/8/2021 11:00,1/8/2021 12:00
eastbuxton,2021,1/29/2021 12:00,1/29/2021 15:00
eastbuxton,2021,5/15/2021 9:00,5/15/2021 10:00
eastbuxton,2021,8/9/2021 5:00,9/5/2021 17:00
eastbuxton,2022,5/8/2022 11:00,5/8/2022 12:00
eastbuxton,2023,10/16/2022 8:00,10/16/2022 10:00
eastbuxton,2023,2/11/2023 16:00,2/11/2023 18:00
eastbuxton,2023,9/18/2023 8:00,9/18/2023 9:00
eastbuxton,2024,5/7/2024 12:00,5/7/2024 13:00
eastbuxton,2024,9/16/2024 9:00,9/16/2024 10:00
eastbuxton,2025,4/26/2025 8:00,4/26/2025 9:00
klinaklini,2019,3/20/2019 0:00,3/20/2019 1:00
klinaklini,2019,8/7/2019 8:00,8/7/2019 10:00
klinaklini,2020,2/18/2020 10:00,2/18/2020 13:00
klinaklini,2020,9/30/2020 9:00,9/30/2020 11:00
klinaklini,2021,3/25/2021 7:00,3/25/2021 9:00
klinaklini,2022,10/7/2021 8:00,10/7/2021 9:00
klinaklini,2022,3/10/2022 15:00,6/7/2022 15:00
klinaklini,2023,10/3/2022 8:00,10/3/2022 10:00
klinaklini,2023,1/28/2023 0:00,6/30/2023 12:00
klinaklini,2024,10/6/2023 10:00,10/6/2023 13:00
klinaklini,2025,10/12/2024 11:00,10/12/2024 13:00
klinaklini,2025,4/16/2025 9:00,4/16/2025 10:00
homathko,2019,3/18/2019 16:00,3/18/2019 18:00
homathko,2019,8/7/2019 12:00,8/7/2019 14:00
homathko,2020,3/18/2020 8:00,3/18/2020 9:00
homathko,2020,9/30/2020 11:00,9/30/2020 13:00
homathko,2022,10/6/2021 7:00,10/6/2021 10:00
homathko,2022,4/18/2022 19:00,6/7/2022 10:00
homathko,2023,5/12/2023 13:00,5/12/2023 15:00
homathko,2023,6/30/2023 7:00,6/30/2023 10:00
homathko,2024,10/5/2023 8:00,10/5/2023 9:00
homathko,2025,10/11/2023 8:00,10/11/2023 9:00
homathko,2025,4/17/2025 8:00,4/17/2025 9:00
lowercain,2019,5/7/2019 14:00,5/7/2019 15:00
lowercain,2020,10/30/2019 8:00,10/30/2019 10:00
lowercain,2020,5/8/2020 7:00,5/8/2020 9:00
lowercain,2020,9/29/2020 10:00,9/29/2020 11:00
lowercain,2021,3/12/2021 11:00,3/12/2021 13:00
lowercain,2022,10/22/2021 7:00,10/22/2021 9:00
lowercain,2022,7/14/2022 16:00,7/14/2022 18:00
lowercain,2023,3/30/2023 1:00,3/30/2023 9:00
lowercain,2024,10/25/2023 16:00,10/25/2023 17:00
lowercain,2025,10/25/2024 8:00,10/25/2024 9:00
uppercruickshank,2021,3/9/2021 13:00,3/9/2021 14:00
uppercruickshank,2022,11/16/2021 17:00,11/16/2021 18:00
uppercruickshank,2022,7/13/2022 7:00,7/13/2022 8:00
uppercruickshank,2023,9/22/2023 7:00,9/22/2023 10:00
uppercruickshank,2024,2/12/2024 10:00,2/12/2024 12:00
uppercruickshank,2025,12/2/2024 10:00,12/2/2024 14:00
perseverance,2023,9/22/2023 7:00,9/22/2023 10:00
perseverance,2019,7/26/2019 11:00,7/26/2019 12:00
perseverance,2020,3/9/2020 12:00,3/9/2020 13:00
perseverance,2021,10/21/2020 9:00,10/21/2020 12:00
perseverance,2021,6/18/2021 11:00,6/18/2021 12:00
perseverance,2022,11/16/2021 11:00,11/16/2021 14:00
perseverance,2023,11/2/2022 14:00,11/2/2022 16:00
perseverance,2023,9/22/2023 10:00,9/22/2023 11:00
perseverance,2024,2/12/2024 12:00,2/12/2024 13:00
perseverance,2024,12/2/2024 13:00,12/2/2024 15:00
mountarrowsmith,2017,12/14/2016 13:00,12/15/2016 16:00
mountarrowsmith,2017,1/22/2017 9:00,8/12/2017 17:00
mountarrowsmith,2018,2/8/2018 11:00,2/8/2018 13:00
mountarrowsmith,2019,10/4/2018 9:00,10/4/2018 12:00
mountarrowsmith,2019,2/4/2019 5:00,2/4/2019 15:00
mountarrowsmith,2019,9/27/2019 12:00,9/27/2019 14:00
mountarrowsmith,2020,2/10/2020 13:00,2/10/2020 15:00
mountarrowsmith,2021,10/14/2020 8:00,10/14/2020 10:00
mountarrowsmith,2021,3/9/2021 11:00,3/9/2021 12:00
mountarrowsmith,2021,9/15/2021 14:00,9/15/2021 15:00
mountarrowsmith,2022,11/17/2021 13:00,11/17/2021 16:00
mountarrowsmith,2022,6/23/2022 16:00,6/23/2022 17:00
mountarrowsmith,2023,5/11/2023 14:00,5/11/2023 15:00
mountarrowsmith,2024,10/13/2023 10:00,10/13/2023 12:00
mountarrowsmith,2024,4/5/2024 11:00,4/5/2024 12:00
mountarrowsmith,2025,12/12/2024 14:00,12/12/2024 15:00
tetrahedron,2018,2/19/2018 23:00,2/20/2018 1:00
tetrahedron,2018,6/19/2018 16:00,6/19/2018 18:00
tetrahedron,2019,10/3/2018 16:00,10/3/2018 18:00
tetrahedron,2019,2/6/2019 21:00,2/6/2019 22:00
tetrahedron,2020,2/18/2020 22:00,2/18/2020 23:00
tetrahedron,2020,5/29/2020 9:00,5/29/2020 11:00
tetrahedron,2021,10/14/2020 17:00,10/14/2020 19:00
tetrahedron,2021,3/12/2021 17:00,3/12/2021 19:00
tetrahedron,2022,11/16/2021 21:00,11/16/2021 23:00
tetrahedron,2022,4/7/2022 18:00,4/7/2022 21:00
tetrahedron,2023,11/2/2022 17:00,11/2/2022 19:00
tetrahedron,2023,5/11/2023 21:00,5/11/2023 22:00
tetrahedron,2024,1/15/2024 13:00,1/15/2024 15:00
tetrahedron,2024,4/4/2024 14:00,4/4/2024 15:00
tetrahedron,2025,10/24/2024 9:00,10/24/2024 10:00
tetrahedron,2025,4/3/2024 14:00,4/3/2024 15:00
upperrussell,2018,11/3/2017 13:00,11/3/2017 15:00
upperrussell,2018,12/7/2017 14:00,12/7/2017 16:00
upperrussell,2020,10/31/2019 12:00,10/31/2019 14:00
upperrussell,2020,5/8/2020 11:00,5/8/2020 13:00
upperrussell,2021,10/2/2020 14:00,10/2/2020 16:00
upperrussell,2021,3/12/2021 9:00,3/12/2021 11:00
upperrussell,2022,10/20/2021 8:00,10/20/2021 10:00
upperrussell,2024,2/15/2024 16:00,2/15/2024 19:00
,,,
,,,
steph6,2017,11/15/2016 10:00,11/15/2016 12:00
steph6,2017,1/30/2017 12:00,1/30/2017 14:00
steph6,2017,5/17/2017 10:00,5/17/2017 12:00
steph6,2018,10/25/2017 15:00,10/25/2017 17:00
steph6,2018,2/15/2018 12:00,2/15/2018 15:00
steph6,2019,10/16/2018 11:00,11/29/2018 15:00
steph6,2019,7/4/2019 12:00,7/4/2019 14:00
steph6,2020,10/28/2019 10:00,10/28/2019 14:00
steph6,2020,3/5/2020 15:00,3/5/2020 17:00
steph6,2021,3/12/2021 11:00,3/12/2021 13:00
steph6,2022,10/18/2021 14:00,10/18/2021 16:00
steph6,2022,4/8/2022 10:00,4/8/2022 13:00
steph6,2023,1/20/2023 13:00,1/20/2023 15:00
steph6,2024,4/11/2024 15:00,4/11/2024 22:00
steph6,2025,10/21/2024 12:00,10/21/2024 14:00
steph2,2017,11/15/2016 12:00,11/15/2016 14:00
steph2,2017,1/30/2017 13:00,1/31/2017 11:00
steph2,2018,10/26/2017 11:00,10/26/2017 13:00
steph2,2018,2/9/2018 14:00,2/9/2018 15:00
steph2,2018,3/28/2018 12:00,3/28/2018 15:00
steph2,2019,10/18/2018 10:00,10/18/2018 11:00
steph2,2019,1/21/2019 13:00,1/21/2019 15:00
steph2,2019,7/4/2019 12:00,7/4/2019 14:00
steph2,2020,10/29/2019 8:00,10/29/2019 9:00
steph2,2020,3/5/2020 17:00,3/5/2020 18:00
steph2,2020,9/30/2020 8:00,9/30/2020 10:00
steph2,2021,3/10/2021 14:00,3/10/2021 16:00
steph2,2022,10/19/2021 9:00,10/19/2021 11:00
steph2,2022,5/10/2022 15:00,5/10/2022 17:00
steph2,2023,12/17/2022 1:00,2/14/2023 14:00
